year_index,port,capacity_mt,capacity_utilization_pct,turnaround_time_hr,pre_berthing_detention_hr,avg_output_per_berth_day_tonnes,cargo_lag_1,cargo_lag_2,cargo_lag_3,capacity_lag_1,capacity_lag_2,capacity_lag_3,utilization_lag_1,utilization_lag_2,utilization_lag_3,trt_lag_1,trt_lag_2,trt_lag_3,pbdt_lag_1,pbdt_lag_2,pbdt_lag_3,output_lag_1,output_lag_2,output_lag_3,cargo_rolling_mean_3,cargo_rolling_std_3,capacity_growth_pct,trt_change_pct,pbdt_change_pct,output_change_pct,cargo_next_year_mt,target_year
3,Chennai,50.0,106.828,80.64,13.92,10165,47.25,43.81,36.71,48.8,41.85,41.85,96.8238,104.6834,87.718,79.68,94.56,110.64,15.6,22.32,54.72,10378.0,9630.0,9654.0,42.59,5.374867440225849,2.459016393442637,1.2048192771084263,-10.769230769230765,-2.0524185777606507,57.154,2007-08
4,Chennai,53.35,107.1303,109.2,37.44,10032,53.414,47.25,43.81,50.0,48.8,41.85,106.828,96.8238,104.6834,80.64,79.68,94.56,13.92,15.6,22.32,10165.0,10378.0,9630.0,48.158,4.865958487286956,6.699999999999995,35.41666666666667,168.9655172413793,-1.3084112149532756,57.491,2008-09
5,Chennai,55.75,103.1229,99.6,33.36,10778,57.154,53.414,47.25,53.35,50.0,48.8,107.1303,106.828,96.8238,109.2,80.64,79.68,37.44,13.92,15.6,10032.0,10165.0,10378.0,52.606,5.00119505718383,4.498594189315841,-8.791208791208794,-10.897435897435892,7.436204146730452,61.06,2009-10
6,Chennai,71.32,85.6141,96.96,32.4,11428,57.491,57.154,53.414,55.75,53.35,50.0,103.1229,107.1303,106.828,99.6,109.2,80.64,33.36,37.44,13.92,10778.0,10032.0,10165.0,56.019666666666666,2.2628557915459995,27.92825112107622,-2.6506024096385583,-2.877697841726623,6.030803488587866,61.46,2010-11
7,Chennai,37.72,162.9374,104.64,38.64,10984,61.06,57.491,57.154,71.32,55.75,53.35,85.6141,103.1229,107.1303,96.96,99.6,109.2,32.4,33.36,37.44,11428.0,10778.0,10032.0,58.568333333333335,2.1644154715149435,-47.11160964666292,7.920792079207928,19.259259259259267,-3.8851942597129874,55.707,2011-12
8,Chennai,83.19,66.9636,93.84,27.84,10352,61.46,61.06,57.491,37.72,71.32,55.75,162.9374,85.6141,103.1229,104.64,96.96,99.6,38.64,32.4,33.36,10984.0,11428.0,10778.0,60.00366666666667,2.1852048721649093,120.54612937433724,-10.321100917431192,-27.95031055900621,-5.753823743627096,53.404,2012-13
9,Chennai,85.59,62.3951,77.76,19.200000000000003,12046,55.707,61.46,61.06,83.19,37.72,71.32,66.9636,162.9374,85.6141,93.84,104.64,96.96,27.84,38.64,32.4,10352.0,10984.0,11428.0,59.409,3.2122582399302737,2.8849621348719934,-17.13554987212276,-31.034482758620676,16.363987635239564,51.105,2013-14
10,Chennai,86.04,59.3968,59.04,9.84,14268,53.404,55.707,61.46,85.59,83.19,37.72,62.3951,66.9636,162.9374,77.76,93.84,104.64,19.200000000000003,27.84,38.64,12046.0,10352.0,10984.0,56.857,4.149296205382301,0.525762355415349,-24.07407407407408,-48.75000000000001,18.445957164203875,52.541,2014-15
11,Chennai,86.04,61.0658,60.96,9.84,14464,51.105,53.404,55.707,86.04,85.59,83.19,59.3968,62.3951,66.9636,59.04,77.76,93.84,9.84,19.200000000000003,27.84,14268.0,12046.0,10352.0,53.40533333333334,2.3010002897290915,0.0,3.2520325203251987,0.0,1.3737033922063269,50.058,2015-16
12,Chennai,93.44,53.5723,60.72,10.56,18976,52.541,51.105,53.404,86.04,86.04,85.59,61.0658,59.3968,62.3951,60.96,59.04,77.76,9.84,9.84,19.200000000000003,14464.0,14268.0,12046.0,52.35,1.1613401741092244,8.600650860065073,-0.3937007874015741,7.317073170731714,31.19469026548673,50.214,2016-17
13,Chennai,93.44,53.7393,60.24,9.12,19220,50.058,52.541,51.105,93.44,86.04,86.04,53.5723,61.0658,59.3968,60.72,60.96,59.04,10.56,9.84,9.84,18976.0,14464.0,14268.0,51.23466666666667,1.246568222494612,0.0,-0.7905138339920903,-13.636363636363647,1.2858347386172089,51.881,2017-18
14,Chennai,134.0,38.7172,53.04,20.64,19113,50.214,50.058,52.541,93.44,93.44,86.04,53.7393,53.5723,61.0658,60.24,60.72,60.96,9.12,10.56,9.84,19220.0,18976.0,14464.0,50.937666666666665,1.390716482009681,43.40753424657535,-11.95219123505976,126.31578947368423,-0.5567117585848047,53.012,2018-19
15,Chennai,134.0,39.5612,47.52,3.4889663760896634,21001,51.881,50.214,50.058,134.0,93.44,93.44,38.7172,53.7393,53.5723,53.04,60.24,60.72,20.64,9.12,10.56,19113.0,19220.0,18976.0,50.717666666666666,1.010491134712914,0.0,-10.407239819004522,-83.09609313910047,9.878093444252611,46.758,2019-20
16,Chennai,135.0,34.6356,48.0,0.0,20340,53.012,51.881,50.214,134.0,134.0,93.44,39.5612,38.7172,53.7393,47.52,53.04,60.24,3.4889663760896634,20.64,9.12,21001.0,19113.0,19220.0,51.702333333333335,1.407530579892802,0.746268656716409,1.0101010101009944,-100.0,-3.147469168134853,43.553,2020-21
19,Chennai,136.0,35.9919,48.08,0.0,20249,48.564,43.553,46.758,135.0,135.0,135.0,35.9733,32.2615,34.6356,53.19,51.36,48.0,0.0692144808743169,0.0,0.0,20152.0,20331.0,20340.0,46.29166666666666,2.537839698115992,0.7407407407407307,-9.607068997931943,-100.0,0.481341802302504,51.598,2023-24
3,Cochin,20.15,75.7171,52.08,13.92,8282,13.89,14.1,13.57,19.35,15.5,15.5,71.7829,90.9677,87.5484,64.8,62.88,49.2,13.68,11.04,10.32,7778.0,8506.0,7813.0,13.853333333333332,0.2668957349478124,4.134366925064592,-19.62962962962963,1.7543859649122862,6.479814862432498,15.81,2007-08
4,Cochin,28.37,55.7279,46.56,14.4,10881,15.257,13.89,14.1,20.15,19.35,15.5,75.7171,71.7829,90.9677,52.08,64.8,62.88,13.92,13.68,11.04,8282.0,7778.0,8506.0,14.415666666666668,0.7361428756249239,40.79404466501242,-10.599078341013811,3.4482758620689724,31.38130886259358,15.494,2008-09
5,Cochin,28.37,54.614,51.36,16.8,10599,15.81,15.257,13.89,28.37,20.15,19.35,55.7279,75.7171,71.7829,46.56,52.08,64.8,14.4,13.92,13.68,10881.0,8282.0,7778.0,14.985666666666669,0.9883401910948136,0.0,10.309278350515449,16.666666666666675,-2.591673559415497,17.43,2009-10
6,Cochin,30.37,57.3922,49.92,20.4,11089,15.494,15.81,15.257,28.37,28.37,20.15,54.614,55.7279,75.7171,51.36,46.56,52.08,16.8,14.4,13.92,10599.0,10881.0,8282.0,15.520333333333332,0.2774388821584554,7.049700387733515,-2.8037383177570097,21.42857142857142,4.623077648834806,17.87,2010-11
7,Cochin,28.48,62.7458,52.8,24.72,11752,17.43,15.494,15.81,30.37,28.37,28.37,57.3922,54.614,55.7279,49.92,51.36,46.56,20.4,16.8,14.4,11089.0,10599.0,10881.0,16.244666666666667,1.0386170291947516,-6.223246624958845,5.769230769230771,21.176470588235308,5.978898007033995,20.09,2011-12
8,Cochin,41.86,47.9933,43.68,25.2,15784,17.87,17.43,15.494,28.48,30.37,28.37,62.7458,57.3922,54.614,52.8,49.92,51.36,24.72,20.4,16.8,11752.0,11089.0,10599.0,16.93133333333333,1.2640590703496937,46.98033707865168,-17.272727272727273,1.941747572815533,34.30905377808033,19.845,2012-13
9,Cochin,44.66,44.4357,37.92,26.160000000000004,15878,20.09,17.87,17.43,41.86,28.48,30.37,47.9933,62.7458,57.3922,43.68,52.8,49.92,25.2,24.72,20.4,15784.0,11752.0,11089.0,18.46333333333333,1.425809711473914,6.688963210702337,-13.186813186813184,3.809523809523818,0.5955397871262091,20.886,2013-14
10,Cochin,49.66,42.058,42.24,23.28,15881,19.845,20.09,17.87,44.66,41.86,28.48,44.4357,47.9933,62.7458,37.92,43.68,52.8,26.160000000000004,25.2,24.72,15878.0,15784.0,11752.0,19.26833333333333,1.2171722693741094,11.19570085087327,11.392405063291132,-11.009174311926618,0.0188940672628756,21.595,2014-15
11,Cochin,49.66,43.4857,40.56,20.16,16906,20.886,19.845,20.09,49.66,44.66,41.86,42.058,44.4357,47.9933,42.24,37.92,43.68,23.28,26.160000000000004,25.2,15881.0,15878.0,15784.0,20.273666666666667,0.544261273042018,0.0,-3.977272727272729,-13.40206185567011,6.454253510484231,22.095,2015-16
12,Cochin,49.66,44.4925,52.32,15.84,20962,21.595,20.886,19.845,49.66,49.66,44.66,43.4857,42.058,44.4357,40.56,42.24,37.92,20.16,23.28,26.160000000000004,16906.0,15881.0,15878.0,20.77533333333333,0.8802331130634186,0.0,28.99408284023668,-21.42857142857143,23.991482313971368,25.007,2016-17
13,Cochin,56.57,44.2054,47.76,11.52,23539,22.095,21.595,20.886,49.66,49.66,49.66,44.4925,43.4857,42.058,52.32,40.56,42.24,15.84,20.16,23.28,20962.0,16906.0,15881.0,21.52533333333333,0.6075033607588669,13.914619412001628,-8.715596330275233,-27.27272727272727,12.293674267722544,29.143,2017-18
14,Cochin,74.5,39.1181,44.88,10.32,28143,25.007,22.095,21.595,56.57,49.66,49.66,44.2054,44.4925,43.4857,47.76,52.32,40.56,11.52,15.84,20.16,23539.0,20962.0,16906.0,22.899,1.8426198739837765,31.69524482941488,-6.030150753768837,-10.416666666666664,19.559029695399133,32.021,2018-19
15,Cochin,78.6,40.7392,46.56,12.66507785467128,30150,29.143,25.007,22.095,74.5,56.57,49.66,39.1181,44.2054,44.4925,44.88,47.76,52.32,10.32,11.52,15.84,28143.0,23539.0,20962.0,25.415000000000003,3.541669662743828,5.503355704697976,3.743315508021383,22.72362262278371,7.13143588103613,34.038,2019-20
16,Cochin,78.6,43.3053,34.8,11.44421560035057,31258,32.021,29.143,25.007,78.6,74.5,56.57,40.7392,39.1181,44.2054,46.56,44.88,47.76,12.66507785467128,10.32,11.52,30150.0,28143.0,23539.0,28.72366666666667,3.5257523074279176,0.0,-25.257731958762896,-9.639595337113672,3.67495854063018,31.503,2020-21
17,Cochin,78.6,40.0802,35.76,15.36,30915,34.038,32.021,29.143,78.6,78.6,74.5,43.3053,40.7392,39.1181,34.8,46.56,44.88,11.44421560035057,12.66507785467128,10.32,31258.0,30150.0,28143.0,31.734,2.460088006555848,0.0,2.758620689655178,34.21627603319075,-1.0973190863139082,34.551,2021-22
18,Cochin,78.6,43.958,45.87,11.226993299832497,31513,31.503,34.038,32.021,78.6,78.6,78.6,40.0802,43.3053,40.7392,35.76,34.8,46.56,15.36,11.44421560035057,12.66507785467128,30915.0,31258.0,30150.0,32.52066666666666,1.3393305541699765,0.0,28.271812080536908,-26.907595704215517,1.9343360828077083,35.25573,2022-23
19,Cochin,79.9,44.1248,39.45,6.040463743676223,33311,34.551,31.503,34.038,78.6,78.6,78.6,43.958,40.0802,43.3053,45.87,35.76,34.8,11.226993299832497,15.36,11.44421560035057,31513.0,30915.0,31258.0,33.364,1.631956800898826,1.6539440203562572,-13.99607586657945,-46.19695957450741,5.705581823374484,36.3155,2023-24
20,Cochin,79.9,45.4512,33.4,6.727588373919874,34594,35.25573,34.551,31.503,79.9,78.6,78.6,44.1248,43.958,40.0802,39.45,45.87,35.76,6.040463743676223,11.226993299832497,15.36,33311.0,31513.0,30915.0,33.76991,1.994573088232148,0.0,-15.335868187579226,11.375362213919482,3.851580558974521,37.745,2024-25
3,Deendayal,62.2,85.1801,131.04,64.32,9843,45.91,41.55,41.52,46.0,45.0,45.0,99.8043,92.3333,92.2667,105.36,110.88,121.44,39.84,41.76,48.96,8700.0,8434.0,8659.0,42.99333333333333,2.5259519657612906,35.21739130434782,24.373576309794977,61.44578313253008,13.137931034482753,64.92,2007-08
4,Deendayal,63.5,102.2362,123.12,63.36,11216,52.982,45.91,41.55,62.2,46.0,45.0,85.1801,99.8043,92.3333,131.04,105.36,110.88,64.32,39.84,41.76,9843.0,8700.0,8434.0,46.81399999999999,5.7693646097295685,2.0900321543408262,-6.043956043956033,-1.492537313432829,13.948999288834706,72.224,2008-09
5,Deendayal,78.04,92.5474,174.24,62.88,13107,64.92,52.982,45.91,63.5,62.2,46.0,102.2362,85.1801,99.8043,123.12,131.04,105.36,63.36,64.32,39.84,11216.0,9843.0,8700.0,54.604000000000006,9.608235425924994,22.897637795275607,41.52046783625731,-0.7575757575757569,16.85984308131241,79.5,2009-10
6,Deendayal,85.8,92.6573,120.72,62.4,13549,72.224,64.92,52.982,78.04,63.5,62.2,92.5474,102.2362,85.1801,174.24,123.12,131.04,62.88,63.36,64.32,13107.0,11216.0,9843.0,63.375333333333344,9.71355431000071,9.943618657098918,-30.716253443526178,-0.7633587786259555,3.3722438391699194,81.88,2010-11
7,Deendayal,86.91,94.2124,141.6,79.68,14137,79.5,72.224,64.92,85.8,78.04,63.5,92.6573,92.5474,102.2362,120.72,174.24,123.12,62.4,62.88,63.36,13549.0,13107.0,11216.0,72.21466666666667,7.290004481022852,1.293706293706287,17.296222664015893,27.692307692307704,4.339803675548004,82.501,2011-12
8,Deendayal,91.22,90.4418,154.08,89.76,14272,81.88,79.5,72.224,86.91,85.8,78.04,94.2124,92.6573,92.5474,141.6,120.72,174.24,79.68,62.4,62.88,14137.0,13549.0,13107.0,77.868,5.030621432785398,4.959153146933604,8.813559322033914,12.650602409638555,0.9549409351347516,93.619,2012-13
9,Deendayal,65.88,142.1053,151.92,85.92,15728,82.501,81.88,79.5,91.22,86.91,85.8,90.4418,94.2124,92.6573,154.08,141.6,120.72,89.76,79.68,62.4,14272.0,14137.0,13549.0,81.29366666666668,1.584089749140839,-27.77899583424688,-1.4018691588785217,-4.278074866310167,10.201793721973097,87.005,2013-14
10,Deendayal,75.8,114.7823,135.84,65.28,15729,93.619,82.501,81.88,65.88,91.22,86.91,142.1053,90.4418,94.2124,151.92,154.08,141.6,85.92,89.76,79.68,15728.0,14272.0,14137.0,86.0,6.605549258010236,15.05768063145112,-10.584518167456547,-24.022346368715088,0.0063580874872792,92.497,2014-15
11,Deendayal,121.43,76.1731,117.6,60.48,15159,87.005,93.619,82.501,75.8,65.88,91.22,114.7823,142.1053,90.4418,135.84,151.92,154.08,65.28,85.92,89.76,15729.0,15728.0,14272.0,87.70833333333333,5.592270498941625,60.19788918205806,-13.427561837455835,-7.352941176470596,-3.623879458325385,99.458,2015-16
12,Deendayal,131.06,75.8874,102.72,47.52,16538,92.497,87.005,93.619,121.43,75.8,65.88,76.1731,114.7823,142.1053,117.6,135.84,151.92,60.48,65.28,85.92,15159.0,15729.0,15728.0,91.04033333333332,3.539443082369398,7.930494935353693,-12.653061224489791,-21.42857142857142,9.096906128372597,105.442,2016-17
13,Deendayal,150.26,70.173,108.24,48.48,18235,99.458,92.497,87.005,131.06,121.43,75.8,75.8874,76.1731,114.7823,102.72,117.6,135.84,47.52,60.48,65.28,16538.0,15159.0,15729.0,92.98666666666668,6.240923996759808,14.649778727300466,5.373831775700921,2.020202020202011,10.26121659209094,110.099,2017-18
14,Deendayal,253.2,43.483,102.0,45.6,22903,105.442,99.458,92.497,150.26,131.06,121.43,70.173,75.8874,76.1731,108.24,102.72,117.6,48.48,47.52,60.48,18235.0,16538.0,15159.0,99.13233333333334,6.478641858702467,68.50791960601623,-5.764966740576494,-5.940594059405935,25.599122566493016,115.401,2018-19
15,Deendayal,267.1,43.2052,112.32,48.500055115397856,21373,110.099,105.442,99.458,253.2,150.26,131.06,43.483,70.173,75.8874,102.0,108.24,102.72,45.6,48.48,47.52,22903.0,18235.0,16538.0,104.99966666666668,5.334272615205492,5.489731437598744,10.11764705882352,6.359769989907571,-6.680347552722354,122.606,2019-20
16,Deendayal,267.1,45.9027,60.96,44.428250975292585,21109,115.401,110.099,105.442,267.1,253.2,150.26,43.2052,43.483,70.173,112.32,102.0,108.24,48.500055115397856,45.6,48.48,21373.0,22903.0,18235.0,110.314,4.982979931727331,0.0,-45.72649572649572,-8.395462913221618,-1.2352032938754531,117.565,2020-21
17,Deendayal,267.1,44.0154,62.16,67.44,10467,122.606,115.401,110.099,267.1,267.1,253.2,45.9027,43.2052,43.483,60.96,112.32,102.0,44.428250975292585,48.500055115397856,45.6,21109.0,21373.0,22903.0,116.03533333333333,6.277582841614273,0.0,1.9685039370078703,51.7953070840099,-50.4145151357241,127.1,2021-22
18,Deendayal,267.1,47.5852,59.99,56.41849068519104,18975,117.565,122.606,115.401,267.1,267.1,267.1,44.0154,45.9027,43.2052,62.16,60.96,112.32,67.44,44.428250975292585,48.500055115397856,10467.0,21109.0,21373.0,118.524,3.6969943197138337,0.0,-3.490990990990983,-16.34268878233831,81.28403554026941,137.56057,2022-23
19,Deendayal,269.1,51.1188,77.58,54.11368571428572,20396,127.1,117.565,122.606,267.1,267.1,267.1,47.5852,44.0154,45.9027,59.99,62.16,60.96,56.41849068519104,67.44,44.428250975292585,18975.0,10467.0,21109.0,122.42366666666663,4.770114289336173,0.7487832272557116,29.32155359226538,-4.0851943093725644,7.488801054018435,132.373,2023-24
20,Deendayal,269.32,49.1508,98.36,45.49651807228916,22655,137.56057,127.1,117.565,269.1,267.1,267.1,51.1188,47.5852,44.0154,77.58,59.99,62.16,54.11368571428572,56.41849068519104,67.44,20396.0,18975.0,10467.0,127.40852333333332,10.001354652827215,0.0817539947974621,26.78525393142564,-15.924192795689896,11.075701117866243,150.157,2024-25
3,JNPA,52.4,85.5248,34.32,13.44,16727,37.84,32.81,31.19,36.1,33.1,33.1,104.8199,99.1239,94.2296,47.28,46.56,41.52,20.64,18.48,14.88,16150.0,12782.0,11957.0,33.946666666666665,3.467655307745185,45.15235457063711,-27.41116751269036,-34.88372093023256,3.5727554179566523,55.838,2007-08
4,JNPA,54.34,102.7567,43.2,19.92,18489,44.815,37.84,32.81,52.4,36.1,33.1,85.5248,104.8199,99.1239,34.32,47.28,46.56,13.44,20.64,18.48,16727.0,16150.0,12782.0,38.48833333333334,6.028702873200285,3.70229007633589,25.874125874125877,48.214285714285744,10.533867400011964,57.296,2008-09
5,JNPA,57.96,98.8544,45.6,22.8,20344,55.838,44.815,37.84,54.34,52.4,36.1,102.7567,85.5248,104.8199,43.2,34.32,47.28,19.92,13.44,20.64,18489.0,16727.0,16150.0,46.16433333333333,9.074553781499864,6.661759293338232,5.555555555555558,14.457831325301209,10.032992590188773,60.76,2009-10
6,JNPA,64.0,94.9375,48.24,23.52,21563,57.296,55.838,44.815,57.96,54.34,52.4,98.8544,102.7567,85.5248,45.6,43.2,34.32,22.8,19.92,13.44,20344.0,18489.0,16727.0,52.64966666666667,6.824070803657709,10.420979986197375,5.789473684210522,3.157894736842093,5.991938655131723,64.32,2010-11
7,JNPA,64.0,100.5,63.36,36.24,20393,60.76,57.296,55.838,64.0,57.96,54.34,94.9375,98.8544,102.7567,48.24,45.6,43.2,23.52,22.8,19.92,21563.0,20344.0,18489.0,57.964666666666666,2.528212280116848,0.0,31.343283582089555,54.08163265306123,-5.425961137133051,65.73,2011-12
8,JNPA,64.0,102.7031,46.56,27.12,19227,64.32,60.76,57.296,64.0,64.0,57.96,100.5,94.9375,98.8544,63.36,48.24,45.6,36.24,23.52,22.8,20393.0,21563.0,20344.0,60.792,3.5121093377058066,0.0,-26.51515151515152,-25.16556291390729,-5.717648212621973,64.488,2012-13
9,JNPA,65.88,97.8871,59.52,31.44,23319,65.73,64.32,60.76,64.0,64.0,64.0,102.7031,100.5,94.9375,46.56,63.36,48.24,27.12,36.24,23.52,19227.0,20393.0,21563.0,63.60333333333333,2.5613342876972736,2.937499999999993,27.835051546391743,15.92920353982301,21.28257138399125,62.333,2013-14
10,JNPA,65.88,94.616,54.24,25.92,23014,64.488,65.73,64.32,65.88,64.0,64.0,97.8871,102.7031,100.5,59.52,46.56,63.36,31.44,27.12,36.24,23319.0,19227.0,20393.0,64.846,0.7701610221248264,0.0,-8.870967741935488,-17.557251908396942,-1.3079463098760624,63.801,2014-15
11,JNPA,79.37,80.3843,53.76,19.200000000000003,21310,62.333,64.488,65.73,65.88,65.88,64.0,94.616,97.8871,102.7031,54.24,59.52,46.56,25.92,31.44,27.12,23014.0,23319.0,19227.0,64.18366666666667,1.7188270225167206,20.47662416514877,-0.8849557522124019,-25.92592592592592,-7.40418875467107,64.027,2015-16
12,JNPA,89.37,71.6426,55.44,28.08,23792,63.801,62.333,64.488,79.37,65.88,65.88,80.3843,94.616,97.8871,53.76,54.24,59.52,19.200000000000003,25.92,31.44,21310.0,23014.0,23319.0,63.540666666666674,1.1008343805194714,12.599218848431404,3.125,46.24999999999997,11.647114030971384,62.151,2016-17
13,JNPA,89.37,69.5435,47.04,18.48,23897,64.027,63.801,62.333,89.37,79.37,65.88,71.6426,80.3843,94.616,55.44,53.76,54.24,28.08,19.200000000000003,25.92,23792.0,21310.0,23014.0,63.387,0.9197586639985276,0.0,-15.151515151515149,-34.18803418803418,0.4413248150638926,66.004,2017-18
14,JNPA,118.0,55.9356,53.52,22.08,22526,62.151,64.027,63.801,89.37,89.37,79.37,69.5435,71.6426,80.3843,47.04,55.44,53.76,18.48,28.08,19.200000000000003,23897.0,23792.0,21310.0,63.32633333333334,1.024121737555495,32.03535862146134,13.77551020408163,19.48051948051948,-5.737121814453694,70.706,2018-19
15,JNPA,138.87,50.9152,51.12,19.77019744483159,25847,66.004,62.151,64.027,118.0,89.37,89.37,55.9356,69.5435,71.6426,53.52,47.04,55.44,22.08,18.48,28.08,22526.0,23897.0,23792.0,64.06066666666668,1.9267206163151107,17.686440677966097,-4.484304932735439,-10.461062296958367,14.742963686406815,68.449,2019-20
16,JNPA,138.87,49.29,29.52,18.382802241793435,28296,70.706,66.004,62.151,138.87,118.0,89.37,50.9152,55.9356,69.5435,51.12,53.52,47.04,19.77019744483159,22.08,18.48,25847.0,22526.0,23897.0,66.28700000000002,4.284515491861397,0.0,-42.25352112676056,-7.017609241939338,9.474987426006876,64.809,2020-21
17,JNPA,141.37,45.8435,28.56,21.84,27711,68.449,70.706,66.004,138.87,138.87,118.0,49.29,50.9152,55.9356,29.52,51.12,53.52,18.382802241793435,19.77019744483159,22.08,28296.0,25847.0,22526.0,68.38633333333335,2.3516263166867373,1.8002448332973264,-3.25203252032521,18.806696132250188,-2.0674300254452938,75.99584,2021-22
18,JNPA,141.37,53.7567,28.04,21.581008107155444,29418,64.809,68.449,70.706,141.37,138.87,138.87,45.8435,49.29,50.9152,28.56,29.52,51.12,21.84,18.382802241793435,19.77019744483159,27711.0,28296.0,25847.0,67.988,2.9754063588021635,0.0,-1.82072829131652,-1.1858603152223202,6.160008660820604,83.86141,2022-23
19,JNPA,141.37,59.3205,28.27,36.30124736620312,27634,75.99584,64.809,68.449,141.37,141.37,138.87,53.7567,45.8435,49.29,28.04,28.56,29.52,21.581008107155444,21.84,18.382802241793435,29418.0,27711.0,28296.0,69.75128,5.705987836930631,0.0,0.8202567760342339,68.20922908678675,-6.064314365354539,85.81761,2023-24
20,JNPA,145.87,58.8316,26.27,16.33727558604917,28885,83.86141,75.99584,64.809,141.37,141.37,141.37,59.3205,53.7567,45.8435,28.27,28.04,28.56,36.30124736620312,21.581008107155444,21.84,27634.0,29418.0,27711.0,74.88875,9.574331198736564,3.1831364504491866,-7.074637424831975,-54.99527765192068,4.52703191720345,92.115,2024-25
3,Kamarajar,13.0,82.4154,45.36,3.12,35113,9.16,9.48,9.28,13.0,12.0,12.0,70.4615,79.0,77.3333,53.52,41.28,46.56,4.56,1.68,1.6800000000000002,33615.0,38871.0,32767.0,9.306666666666668,0.1616580753730955,0.0,-15.24663677130046,-31.57894736842104,4.456343894094905,11.563,2007-08
4,Kamarajar,13.0,88.9462,49.92,7.2,35260,10.714,9.16,9.48,13.0,13.0,12.0,82.4154,70.4615,79.0,45.36,53.52,41.28,3.12,4.56,1.68,35113.0,33615.0,38871.0,9.784666666666666,0.8205762203070072,0.0,10.052910052910068,130.76923076923077,0.4186483638538352,11.5,2008-09
5,Kamarajar,16.0,71.875,56.4,6.48,28424,11.563,10.714,9.16,13.0,13.0,13.0,88.9462,82.4154,70.4615,49.92,45.36,53.52,7.2,3.12,4.56,35260.0,35113.0,33615.0,10.479,1.218614377069302,23.076923076923084,12.98076923076923,-9.999999999999998,-19.387407827566648,10.7,2009-10
6,Kamarajar,16.0,66.875,50.64,8.88,21665,11.5,11.563,10.714,16.0,13.0,13.0,71.875,88.9462,82.4154,56.4,49.92,45.36,6.48,7.2,3.12,28424.0,35260.0,35113.0,11.259,0.473033825429012,0.0,-10.212765957446802,37.037037037037045,-23.7792006754855,11.01,2010-11
7,Kamarajar,25.0,44.04,66.72,15.6,17669,10.7,11.5,11.563,16.0,16.0,13.0,66.875,71.875,88.9462,50.64,56.4,49.92,8.88,6.48,7.2,21665.0,28424.0,35260.0,11.254333333333332,0.481099088892651,56.25,31.753554502369678,75.67567567567566,-18.444495730440803,14.956,2011-12
8,Kamarajar,31.0,48.2452,52.08,18.24,27505,11.01,10.7,11.5,25.0,16.0,16.0,44.04,66.875,71.875,66.72,50.64,56.4,15.6,8.88,6.48,17669.0,21665.0,28424.0,11.07,0.4033608806019798,24.0,-21.942446043165464,16.923076923076906,55.66811930499745,17.885,2012-13
9,Kamarajar,31.0,57.6935,70.8,31.92,27741,14.956,11.01,10.7,31.0,25.0,16.0,48.2452,44.04,66.875,52.08,66.72,50.64,18.24,15.6,8.88,27505.0,17669.0,21665.0,12.222,2.372781490150328,0.0,35.944700460829495,75.00000000000003,0.8580258134884611,27.337,2013-14
10,Kamarajar,31.0,88.1839,101.76,57.12,22357,17.885,14.956,11.01,31.0,31.0,25.0,57.6935,48.2452,44.04,70.8,52.08,66.72,31.92,18.24,15.6,27741.0,27505.0,17669.0,14.617,3.450014057942377,0.0,43.728813559322056,78.94736842105262,-19.408096319527058,30.251,2014-15
11,Kamarajar,37.0,81.7595,103.68,60.24,22613,27.337,17.885,14.956,31.0,31.0,31.0,88.1839,57.6935,48.2452,101.76,70.8,52.08,57.12,31.92,18.24,22357.0,27741.0,27505.0,20.05933333333333,6.470555179683841,19.354838709677423,1.8867924528301885,5.462184873949583,1.1450552399695946,32.206,2015-16
12,Kamarajar,45.0,71.5689,164.88,113.52,31106,30.251,27.337,17.885,37.0,31.0,31.0,81.7595,88.1839,57.6935,103.68,101.76,70.8,60.24,57.12,31.92,22613.0,22357.0,27741.0,25.157666666666668,6.46464301669732,21.62162162162162,59.02777777777777,88.44621513944222,37.55804183434308,30.02,2016-17
13,Kamarajar,57.0,52.6667,64.32,23.04,26235,32.206,30.251,27.337,45.0,37.0,31.0,71.5689,81.7595,88.1839,164.88,103.68,101.76,113.52,60.24,57.12,31106.0,22613.0,22357.0,29.93133333333333,2.4501898565893785,26.66666666666666,-60.98981077147017,-79.70401691331924,-15.659358323153096,30.446,2017-18
14,Kamarajar,84.0,36.2452,52.56,13.68,28456,30.02,32.206,30.251,57.0,45.0,37.0,52.6667,71.5689,81.7595,64.32,164.88,103.68,23.04,113.52,60.24,26235.0,31106.0,22613.0,30.825666666666667,1.200970579711878,47.36842105263157,-18.28358208955223,-40.625,8.465789975223936,34.498,2018-19
15,Kamarajar,91.0,37.9099,47.28,4.211958950969214,27678,30.446,30.02,32.206,84.0,57.0,45.0,36.2452,52.6667,71.5689,52.56,64.32,164.88,13.68,23.04,113.52,28456.0,26235.0,31106.0,30.890666666666664,1.158855182209358,8.333333333333325,-10.04566210045662,-69.210826381804,-2.734045543997754,31.746,2019-20
16,Kamarajar,91.0,34.8857,41.52,2.88,26581,34.498,30.446,30.02,91.0,84.0,57.0,37.9099,36.2452,52.6667,47.28,52.56,64.32,4.211958950969214,13.68,23.04,27678.0,28456.0,26235.0,31.654666666666667,2.4715940874936333,0.0,-12.18274111675126,-31.62326524247623,-3.963436664498876,25.889,2020-21
17,Kamarajar,91.0,28.4495,42.96,1.92,23945,31.746,34.498,30.446,91.0,91.0,84.0,34.8857,37.9099,36.2452,41.52,47.28,52.56,2.88,4.211958950969214,13.68,26581.0,27678.0,28456.0,32.23,2.0689050244030445,0.0,3.4682080924855363,-33.333333333333336,-9.916857906023102,38.742,2021-22
18,Kamarajar,91.0,42.5736,46.38,0.8505214368482039,24292,25.889,31.746,34.498,91.0,91.0,91.0,28.4495,34.8857,37.9099,42.96,41.52,47.28,1.92,2.88,4.211958950969214,23945.0,26581.0,27678.0,30.711,4.396832837395589,0.0,7.960893854748607,-55.70200849748939,1.4491543119649286,43.5068,2022-23
19,Kamarajar,91.0,47.8097,45.26,1.0580690399137,29350,38.742,25.889,31.746,91.0,91.0,91.0,42.5736,28.4495,34.8857,46.38,42.96,41.52,0.8505214368482039,1.92,2.88,24292.0,23945.0,26581.0,32.12566666666666,6.43490577501594,0.0,-2.4148339801638774,24.402395292305613,20.82166968549317,45.277,2023-24
20,Kamarajar,94.0,48.167,43.36,0.5873836608066184,30320,43.5068,38.742,25.889,91.0,91.0,91.0,47.8097,42.5736,28.4495,45.26,46.38,42.96,1.0580690399137,0.8505214368482039,1.92,29350.0,24292.0,23945.0,36.04593333333333,9.113084045115215,3.296703296703307,-4.197967300044181,-44.485318192986014,3.3049403747870576,48.407,2024-25
3,Mormugao,30.0,114.1367,147.6,60.72,17799,31.69,30.66,27.87,29.5,28.5,23.5,107.4237,107.5789,118.5957,145.44,135.84,106.8,50.64,56.88,62.16,16834.0,17084.0,16746.0,30.07333333333333,1.976419321230526,1.6949152542372836,1.4851485148514865,19.905213270142184,5.732446239752886,35.128,2007-08
4,Mormugao,33.05,106.2874,149.76,53.04,10332,34.241,31.69,30.66,30.0,29.5,28.5,114.1367,107.4237,107.5789,147.6,145.44,135.84,60.72,50.64,56.88,17799.0,16834.0,17084.0,32.197,1.8435501078083,10.166666666666655,1.4634146341463428,-12.648221343873525,-41.95179504466543,41.681,2008-09
5,Mormugao,33.05,126.115,142.8,42.48,6290,35.128,34.241,31.69,33.05,30.0,29.5,106.2874,114.1367,107.4237,149.76,147.6,145.44,53.04,60.72,50.64,10332.0,17799.0,16834.0,33.68633333333333,1.7848535887666843,0.0,-4.647435897435881,-19.909502262443446,-39.12117692605498,48.85,2009-10
6,Mormugao,37.05,131.8489,213.84,83.04,5002,41.681,35.128,34.241,33.05,33.05,30.0,126.115,106.2874,114.1367,142.8,149.76,147.6,42.48,53.04,60.72,6290.0,10332.0,17799.0,37.016666666666666,4.063704754695308,12.102874432677767,49.747899159663866,95.48022598870058,-20.47694753577106,50.06,2010-11
7,Mormugao,41.9,119.4749,250.32,97.68,4409,48.85,41.681,35.128,37.05,33.05,33.05,131.8489,126.115,106.2874,213.84,142.8,149.76,83.04,42.48,53.04,5002.0,6290.0,10332.0,41.88633333333333,6.863304039115064,13.09041835357625,17.059483726150383,17.6300578034682,-11.855257896841264,39.049,2011-12
8,Mormugao,41.9,93.1957,184.32,70.56,10530,50.06,48.85,41.681,41.9,37.05,33.05,119.4749,131.8489,126.115,250.32,213.84,142.8,97.68,83.04,42.48,4409.0,5002.0,6290.0,46.86366666666667,4.528912709838098,0.0,-26.36625119846596,-27.764127764127768,138.82966659106373,17.738,2012-13
9,Mormugao,36.4,48.7308,121.44,38.88,11484,39.049,50.06,48.85,41.9,41.9,37.05,93.1957,119.4749,131.8489,184.32,250.32,213.84,70.56,97.68,83.04,10530.0,4409.0,5002.0,45.98633333333333,6.038292004642792,-13.12649164677804,-34.114583333333336,-44.89795918367346,9.059829059829047,11.739,2013-14
10,Mormugao,36.65,32.03,108.0,35.28,10018,17.738,39.049,50.06,36.4,41.9,41.9,48.7308,93.1957,119.4749,121.44,184.32,250.32,38.88,70.56,97.68,11484.0,10530.0,4409.0,35.61566666666667,16.432247391435332,0.6868131868131844,-11.067193675889332,-9.259259259259268,-12.765586903517931,14.711,2014-15
11,Mormugao,43.76,33.6175,95.28,38.64,12272,11.739,17.738,39.049,36.65,36.4,41.9,32.03,48.7308,93.1957,108.0,121.44,184.32,35.28,38.88,70.56,10018.0,11484.0,10530.0,22.842,14.352600356729798,19.39972714870395,-11.777777777777777,9.523809523809511,22.499500898382905,20.776,2015-16
12,Mormugao,48.79,42.5825,80.88,33.12,21542,14.711,11.739,17.738,43.76,36.65,36.4,33.6175,32.03,48.7308,95.28,108.0,121.44,38.64,35.28,38.88,12272.0,10018.0,11484.0,14.729333333333336,2.9995420205981302,11.494515539305294,-15.113350125944592,-14.28571428571429,75.53780964797913,33.181,2016-17
13,Mormugao,50.04,66.309,82.32,40.08,30414,20.776,14.711,11.739,48.79,43.76,36.65,42.5825,33.6175,32.03,80.88,95.28,108.0,33.12,38.64,35.28,21542.0,12272.0,10018.0,15.742,4.605872664327635,2.5620004099200733,1.7804154302670572,21.014492753623195,41.184662519728896,26.897,2017-18
14,Mormugao,63.0,42.6937,75.6,31.44,24948,33.181,20.776,14.711,50.04,48.79,43.76,66.309,42.5825,33.6175,82.32,80.88,95.28,40.08,33.12,38.64,30414.0,21542.0,12272.0,22.88933333333333,9.41460877218664,25.899280575539564,-8.163265306122447,-21.5568862275449,-17.971986585125265,17.683,2018-19
15,Mormugao,63.4,27.8912,83.52,29.82725527831094,18685,26.897,33.181,20.776,63.0,50.04,48.79,42.6937,66.309,42.5825,75.6,82.32,80.88,31.44,40.08,33.12,24948.0,30414.0,21542.0,26.951333333333327,6.202678480570593,0.6349206349206327,10.476190476190483,-5.129595170766732,-25.10421677088344,16.017,2019-20
16,Mormugao,63.4,25.2634,55.92,29.046697674418603,19944,17.683,26.897,33.181,63.4,63.0,50.04,27.8912,42.6937,66.309,83.52,75.6,82.32,29.82725527831094,31.44,40.08,18685.0,24948.0,30414.0,25.92033333333333,7.795024652516087,0.0,-33.045977011494244,-2.6169273592529407,6.738025153866745,21.988,2020-21
17,Mormugao,63.4,34.6814,57.84,30.24,24305,16.017,17.683,26.897,63.4,63.4,63.0,25.2634,27.8912,42.6937,55.92,83.52,75.6,29.046697674418603,29.82725527831094,31.44,19944.0,18685.0,24948.0,20.199,5.860144366822408,0.0,3.433476394849788,4.108220283617081,21.866225431207376,18.456,2021-22
18,Mormugao,63.4,29.1104,63.94,18.85475638051044,18872,21.988,16.017,17.683,63.4,63.4,63.4,34.6814,25.2634,27.8912,57.84,55.92,83.52,30.24,29.046697674418603,29.82725527831094,24305.0,19944.0,18685.0,18.56266666666667,3.081163795278302,0.0,10.546334716459182,-37.64961514381467,-22.35342522114792,17.334,2022-23
19,Mormugao,63.4,27.3407,54.59,16.14625,24755,18.456,21.988,16.017,63.4,63.4,63.4,29.1104,34.6814,25.2634,63.94,57.84,55.92,18.85475638051044,30.24,29.046697674418603,18872.0,24305.0,19944.0,18.82033333333333,3.002126635126137,0.0,-14.623084141382536,-14.36510939653476,31.173166596015257,20.628,2023-24
20,Mormugao,63.4,32.5363,57.78,22.90784140969163,20057,17.334,18.456,21.988,63.4,63.4,63.4,27.3407,29.1104,34.6814,54.59,63.94,57.84,16.14625,18.85475638051044,30.24,24755.0,18872.0,24305.0,19.25933333333333,2.4287728039760683,0.0,5.84356109177504,41.87716286872576,-18.977984245606947,18.126,2024-25
3,Mumbai,50.65,103.384,111.12,24.0,4857,44.19,35.19,30.0,43.75,42.9,40.4,101.0057,82.028,74.2574,97.44,101.04,98.4,24.0,19.44,20.88,6314.0,5993.0,5692.0,36.46,7.179742335209529,15.771428571428569,14.039408866995084,0.0,-23.075704783021852,57.038,2007-08
4,Mumbai,50.7,112.501,97.68,23.04,4519,52.364,44.19,35.19,50.65,43.75,42.9,103.384,101.0057,82.028,111.12,97.44,101.04,24.0,24.0,19.44,4857.0,6314.0,5993.0,43.91466666666667,8.5903099672441,0.0987166831194485,-12.0950323974082,-4.000000000000004,-6.95902820671196,51.876,2008-09
5,Mumbai,49.7,104.3783,118.8,33.84,5717,57.038,52.364,44.19,50.7,50.65,43.75,112.501,103.384,101.0057,97.68,111.12,97.44,23.04,24.0,24.0,4519.0,4857.0,6314.0,51.197333333333326,6.502969270520458,-1.972386587771202,21.6216216216216,46.87500000000002,26.510289887143166,54.54,2009-10
6,Mumbai,49.7,109.7384,110.64,25.44,6122,51.876,57.038,52.364,49.7,50.7,50.65,104.3783,112.501,103.384,118.8,97.68,111.12,33.84,23.04,24.0,5717.0,4519.0,4857.0,53.75933333333333,2.849873213554142,0.0,-6.8686868686868685,-24.822695035460995,7.084135035857964,54.59,2010-11
7,Mumbai,43.53,125.4078,119.04,29.52,6042,54.54,51.876,57.038,49.7,49.7,50.7,109.7384,104.3783,112.501,110.64,118.8,97.68,25.44,33.84,23.04,6122.0,5717.0,4519.0,54.48466666666666,2.5814448150858107,-12.414486921529178,7.592190889370931,16.037735849056588,-1.3067624959163693,56.186,2011-12
8,Mumbai,44.53,126.1756,125.28,32.88,6476,54.59,54.54,51.876,43.53,49.7,49.7,125.4078,109.7384,104.3783,119.04,110.64,118.8,29.52,25.44,33.84,6042.0,6122.0,5717.0,53.66866666666667,1.55269614971295,2.297266253158736,5.241935483870974,11.38211382113823,7.183051969546517,58.038,2012-13
9,Mumbai,44.53,130.3346,133.92,38.88,8709,56.186,54.59,54.54,44.53,43.53,49.7,126.1756,125.4078,109.7384,125.28,119.04,110.64,32.88,29.52,25.44,6476.0,6042.0,6122.0,55.10533333333333,0.9362186354337416,0.0,6.896551724137923,18.24817518248174,34.48116121062383,59.184,2013-14
10,Mumbai,44.53,132.9082,102.0,28.32,7057,58.038,56.186,54.59,44.53,44.53,43.53,130.3346,126.1756,125.4078,133.92,125.28,119.04,38.88,32.88,29.52,8709.0,6476.0,6042.0,56.27133333333334,1.7255831864426,0.0,-23.83512544802867,-27.160493827160504,-18.9688827649558,61.66,2014-15
11,Mumbai,44.53,138.4684,98.16,40.56,11055,59.184,58.038,56.186,44.53,44.53,44.53,132.9082,130.3346,126.1756,102.0,133.92,125.28,28.32,38.88,32.88,7057.0,8709.0,6476.0,57.802666666666674,1.5127912391778888,0.0,-3.764705882352948,43.22033898305085,56.65296868357659,61.119,2015-16
12,Mumbai,49.33,123.8982,78.96,30.48,18020,61.66,59.184,58.038,44.53,44.53,44.53,138.4684,132.9082,130.3346,98.16,102.0,133.92,40.56,28.32,38.88,11055.0,7057.0,8709.0,59.62733333333333,1.8512507483680656,10.77924994385806,-19.559902200489,-24.852071005917164,63.0031659882406,63.129,2016-17
13,Mumbai,65.33,96.631,59.52,11.04,20915,61.119,61.66,59.184,49.33,44.53,44.53,123.8982,138.4684,132.9082,78.96,98.16,102.0,30.48,40.56,28.32,18020.0,11055.0,7057.0,60.65433333333333,1.3017604746393614,32.43462396107846,-24.620060790273545,-63.77952755905512,16.06548279689235,62.902,2017-18
14,Mumbai,79.0,79.6228,66.24,23.04,22996,63.129,61.119,61.66,65.33,49.33,44.53,96.631,123.8982,138.4684,59.52,78.96,98.16,11.04,30.48,40.56,20915.0,18020.0,11055.0,61.96933333333333,1.0400915023848905,20.924536966171736,11.290322580645151,108.69565217391305,9.949796796557496,60.634,2018-19
15,Mumbai,79.0,76.7519,64.56,25.58171603677221,25941,62.902,63.129,61.119,79.0,65.33,49.33,79.6228,96.631,123.8982,66.24,59.52,78.96,23.04,11.04,30.48,22996.0,20915.0,18020.0,62.38333333333333,1.1008116702384885,0.0,-2.53623188405796,11.031753631823824,12.806575056531578,60.696,2019-20
16,Mumbai,79.0,76.8304,40.8,3.737823834196891,25608,60.634,62.902,63.129,79.0,79.0,65.33,76.7519,79.6228,96.631,64.56,66.24,59.52,25.58171603677221,23.04,11.04,25941.0,22996.0,20915.0,62.22166666666666,1.3796363047315223,0.0,-36.80297397769517,-85.38868999709015,-1.2836822019197447,53.323,2020-21
17,Mumbai,84.0,63.4798,49.68,2.4000000000000004,23659,60.696,60.634,62.902,79.0,79.0,79.0,76.8304,76.7519,79.6228,40.8,64.56,66.24,3.737823834196891,25.58171603677221,23.04,25608.0,25941.0,22996.0,61.41066666666666,1.2919045372368914,6.329113924050622,21.764705882352956,-35.79151649570278,-7.610902842861611,59.891,2021-22
18,Mumbai,84.0,71.2988,57.99,0.949865229110512,20053,53.323,60.696,60.634,84.0,79.0,79.0,63.4798,76.8304,76.7519,49.68,40.8,64.56,2.4000000000000004,3.737823834196891,25.58171603677221,23659.0,25608.0,25941.0,58.217666666666666,4.23901902960264,0.0,16.727053140096615,-60.422282120395344,-15.241557124138804,63.608,2022-23
19,Mumbai,84.0,75.7238,50.4,0.4994594594594594,24006,59.891,53.323,60.696,84.0,84.0,79.0,71.2988,63.4798,76.8304,57.99,49.68,40.8,0.949865229110512,2.4000000000000004,3.737823834196891,20053.0,23659.0,25608.0,57.97,4.044497867473783,0.0,-13.088463528194527,-47.41786053931343,19.7127611828654,67.261,2023-24
20,Mumbai,84.0,80.0726,46.9,0.0035371399696816,23667,63.608,59.891,53.323,84.0,84.0,84.0,75.7238,71.2988,63.4798,50.4,57.99,49.68,0.4994594594594594,0.949865229110512,2.4000000000000004,24006.0,20053.0,23659.0,58.940666666666665,5.207941659939489,0.0,-6.944444444444442,-99.29180639135164,-1.4121469632591863,68.625,2024-25
3,New Mangalore,41.3,77.5835,75.36,15.36,13080,34.45,33.89,26.67,38.0,30.3,30.3,90.6579,111.8482,88.0198,72.0,71.04,56.4,18.72,18.96,13.2,15057.0,15569.0,18044.0,31.67,4.339170427627844,8.684210526315784,4.666666666666663,-17.948717948717952,-13.13010559872485,36.019,2007-08
4,New Mangalore,43.5,82.8023,77.04,15.12,12664,32.042,34.45,33.89,41.3,38.0,30.3,77.5835,90.6579,111.8482,75.36,72.0,71.04,15.36,18.72,18.96,13080.0,15057.0,15569.0,33.46066666666667,1.2601036994364136,5.3268765133172025,2.2292993630573354,-1.5625,-3.180428134556579,36.691,2008-09
5,New Mangalore,44.2,83.0113,72.0,15.6,13645,36.019,32.042,34.45,43.5,41.3,38.0,82.8023,77.5835,90.6579,77.04,75.36,72.0,15.12,15.36,18.72,12664.0,13080.0,15057.0,34.17033333333333,2.003195530479572,1.6091954022988464,-6.542056074766367,3.174603174603185,7.746367656348707,35.53,2009-10
6,New Mangalore,44.2,80.3846,73.44,19.44,13896,36.691,36.019,32.042,44.2,43.5,41.3,83.0113,82.8023,77.5835,72.0,77.04,75.36,15.6,15.12,15.36,13645.0,12664.0,13080.0,34.91733333333334,2.512678318713588,0.0,2.0000000000000018,24.615384615384617,1.8395016489556548,31.55,2010-11
7,New Mangalore,45.57,69.2341,64.8,14.16,14211,35.53,36.691,36.019,44.2,44.2,43.5,80.3846,83.0113,82.8023,73.44,72.0,77.04,19.44,15.6,15.12,13896.0,13645.0,12664.0,36.080000000000005,0.5828987905288697,3.099547511312206,-11.764705882352944,-27.160493827160504,2.26683937823835,32.941,2011-12
8,New Mangalore,50.97,64.6282,70.8,18.96,13957,31.55,35.53,36.691,45.57,44.2,44.2,69.2341,80.3846,83.0113,64.8,73.44,72.0,14.16,19.44,15.6,14211.0,13896.0,13645.0,34.590333333333334,2.6962381818625283,11.849901250822905,9.259259259259256,33.89830508474576,-1.787347829146435,37.036,2012-13
9,New Mangalore,76.77,48.2428,78.96,24.96,15921,32.941,31.55,35.53,50.97,45.57,44.2,64.6282,69.2341,80.3846,70.8,64.8,73.44,18.96,14.16,19.44,13957.0,14211.0,13896.0,33.34033333333334,2.019826807756879,50.618010594467336,11.525423728813555,31.64556962025316,14.071791932363698,39.365,2013-14
10,New Mangalore,77.77,50.6172,76.32,19.44,16314,37.036,32.941,31.55,76.77,50.97,45.57,48.2428,64.6282,69.2341,78.96,70.8,64.8,24.96,18.96,14.16,15921.0,13957.0,14211.0,33.842333333333336,2.8519029319619804,1.3025921583952105,-3.3434650455927084,-22.115384615384613,2.4684379121914457,36.566,2014-15
11,New Mangalore,77.77,47.0181,59.04,14.4,19856,39.365,37.036,32.941,77.77,76.77,50.97,50.6172,48.2428,64.6282,76.32,78.96,70.8,19.44,24.96,18.96,16314.0,15921.0,13957.0,36.44733333333334,3.252205456814397,0.0,-22.64150943396226,-25.92592592592593,21.711413509868827,35.582,2015-16
12,New Mangalore,77.77,45.7529,63.12,18.24,16165,36.566,39.365,37.036,77.77,77.77,76.77,47.0181,50.6172,48.2428,59.04,76.32,78.96,14.4,19.44,24.96,19856.0,16314.0,15921.0,37.65566666666667,1.4988630135317078,0.0,6.910569105691056,26.66666666666666,-18.58883964544722,39.936,2016-17
13,New Mangalore,87.63,45.5734,56.4,14.88,17094,35.582,36.566,39.365,77.77,77.77,77.77,45.7529,47.0181,50.6172,63.12,59.04,76.32,18.24,14.4,19.44,16165.0,19856.0,16314.0,37.171,1.9627254010686332,12.678410698212671,-10.646387832699622,-18.421052631578934,5.746984225177854,42.059,2017-18
14,New Mangalore,98.0,42.9173,48.96,27.84,16378,39.936,35.582,36.566,87.63,77.77,77.77,45.5734,45.7529,47.0181,56.4,63.12,59.04,14.88,18.24,14.4,17094.0,16165.0,19856.0,37.36133333333333,2.2833627248716635,11.833846856099516,-13.191489361702123,87.09677419354837,-4.188604188604184,42.508,2018-19
15,New Mangalore,98.0,43.3755,46.32,26.383783783783784,18126,42.059,39.936,35.582,98.0,87.63,77.77,42.9173,45.5734,45.7529,48.96,56.4,63.12,27.84,14.88,18.24,16378.0,17094.0,16165.0,39.19233333333333,3.3019179779839,0.0,-5.392156862745101,-5.23066169617894,10.672853828306271,39.145,2019-20
16,New Mangalore,104.73,37.3771,45.6,30.1339748334567,19140,42.508,42.059,39.936,98.0,98.0,87.63,43.3755,42.9173,45.5734,46.32,48.96,56.4,26.383783783783784,27.84,14.88,18126.0,16378.0,17094.0,41.501,1.3737972921795565,6.867346938775509,-1.5544041450777146,14.214000085832602,5.594174114531603,36.499,2020-21
17,New Mangalore,104.73,34.8506,47.52,26.160000000000004,19048,39.145,42.508,42.059,104.73,98.0,98.0,37.3771,43.3755,42.9173,45.6,46.32,48.96,30.1339748334567,26.383783783783784,27.84,19140.0,18126.0,16378.0,41.23733333333334,1.8258681040352327,0.0,4.210526315789487,-13.187688831028463,-0.4806687565308221,39.296,2021-22
18,New Mangalore,108.96,36.0646,47.99,28.53673627223512,19627,36.499,39.145,42.508,104.73,104.73,98.0,34.8506,37.3771,43.3755,47.52,45.6,46.32,26.160000000000004,30.1339748334567,26.383783783783784,19048.0,19140.0,18126.0,39.38400000000001,3.011620992090466,4.0389573188198025,0.989057239057245,9.085383303651051,3.039689206215868,41.4171,2022-23
19,New Mangalore,114.96,36.0274,44.9,31.63263727764888,22310,39.296,36.499,39.145,108.96,104.73,104.73,36.0646,34.8506,37.3771,47.99,47.52,45.6,28.53673627223512,26.160000000000004,30.1339748334567,19627.0,19048.0,19140.0,38.31333333333333,1.5730716237137223,5.506607929515428,-6.438841425296948,10.848826494660946,13.66994446425842,45.70745,2023-24
20,New Mangalore,114.96,39.7594,40.87,19.79539295392954,22851,41.4171,39.296,36.499,114.96,108.96,104.73,36.0274,36.0646,34.8506,44.9,47.99,47.52,31.63263727764888,28.53673627223512,26.160000000000004,22310.0,19627.0,19048.0,39.0707,2.466778662547564,0.0,-8.975501113585748,-37.42098459834504,2.424921559838644,46.014,2024-25
3,Paradip,56.0,68.7804,84.96,25.44,11795,33.11,30.1,25.31,51.4,39.0,39.0,64.4163,77.1795,64.8974,85.44,81.84,82.32,24.96,18.0,17.759999999999998,11316.0,11049.0,10257.0,29.506666666666664,3.9337047847205504,8.949416342412464,-0.5617977528089901,1.923076923076916,4.232944503358072,42.437,2007-08
4,Paradip,56.0,75.7804,132.96,71.28,11181,38.517,33.11,30.1,56.0,51.4,39.0,68.7804,64.4163,77.1795,84.96,85.44,81.84,25.44,24.96,18.0,11795.0,11316.0,11049.0,33.909,4.265005627194419,0.0,56.49717514124295,180.18867924528303,-5.205595591352264,46.412,2008-09
5,Paradip,71.0,65.369,114.72,55.68,12635,42.437,38.517,33.11,56.0,56.0,51.4,75.7804,68.7804,64.4163,132.96,84.96,85.44,71.28,25.44,24.96,11181.0,11795.0,11316.0,38.02133333333333,4.683214316399945,26.78571428571428,-13.718411552346575,-21.88552188552189,13.004203559610051,57.01,2009-10
6,Paradip,76.5,74.5229,216.96,151.2,13853,46.412,42.437,38.517,71.0,56.0,56.0,65.369,75.7804,68.7804,114.72,132.96,84.96,55.68,71.28,25.44,12635.0,11181.0,11795.0,42.455333333333336,3.947531929362121,7.746478873239426,89.1213389121339,171.55172413793102,9.63988919667591,56.04,2010-11
7,Paradip,76.5,73.2549,185.52,120.96,14243,57.01,46.412,42.437,76.5,71.0,56.0,74.5229,65.369,75.7804,216.96,114.72,132.96,151.2,55.68,71.28,13853.0,12635.0,11181.0,48.61966666666666,7.533155138010468,0.0,-14.491150442477874,-20.0,2.8152746697466258,54.254,2011-12
8,Paradip,80.3,67.5641,151.92,88.56,15995,56.04,57.01,46.412,76.5,76.5,71.0,73.2549,74.5229,65.369,185.52,216.96,114.72,120.96,151.2,55.68,14243.0,13853.0,12635.0,53.154,5.858852106001672,4.967320261437913,-18.111254851228985,-26.78571428571428,12.300779330197289,56.552,2012-13
9,Paradip,102.3,55.2805,105.36,39.6,16625,54.254,56.04,57.01,80.3,76.5,76.5,67.5641,73.2549,74.5229,151.92,185.52,216.96,88.56,120.96,151.2,15995.0,14243.0,13853.0,55.768,1.3979885550319289,27.3972602739726,-30.647709320695093,-55.28455284552846,3.938730853391692,68.003,2013-14
10,Paradip,108.8,62.5028,110.88,46.56,18179,56.552,54.254,56.04,102.3,80.3,76.5,55.2805,67.5641,73.2549,105.36,151.92,185.52,39.6,88.56,120.96,16625.0,15995.0,14243.0,55.61533333333333,1.206423364053264,6.353861192570864,5.239179954441919,17.575757575757578,9.347368421052638,71.011,2014-15
11,Paradip,119.8,59.2746,168.24,98.64,17736,68.003,56.552,54.254,108.8,102.3,80.3,62.5028,55.2805,67.5641,110.88,105.36,151.92,46.56,39.6,88.56,18179.0,16625.0,15995.0,59.603,7.364794701823014,10.110294117647056,51.73160173160174,111.8556701030928,-2.436877716045982,76.397,2015-16
12,Paradip,126.94,60.1836,108.0,49.2,26965,71.011,68.003,56.552,119.8,108.8,102.3,59.2746,62.5028,55.2805,168.24,110.88,105.36,98.64,46.56,39.6,17736.0,18179.0,16625.0,65.18866666666666,7.629287275580447,5.95993322203674,-35.80599144079887,-50.12165450121656,52.035408209291845,88.959,2016-17
13,Paradip,143.44,62.0183,119.76,59.28,30245,76.397,71.011,68.003,126.94,119.8,108.8,60.1836,59.2746,62.5028,108.0,168.24,110.88,49.2,98.64,46.56,26965.0,17736.0,18179.0,71.80366666666667,4.252769607365754,12.99826689774697,10.888888888888903,20.487804878048777,12.163916187650647,102.028,2017-18
14,Paradip,239.0,42.6895,79.44,20.88,33440,88.959,76.397,71.011,143.44,126.94,119.8,62.0183,60.1836,59.2746,119.76,108.0,168.24,59.28,49.2,98.64,30245.0,26965.0,17736.0,78.789,9.209990445163385,66.62018962632459,-33.66733466933868,-64.77732793522267,10.563729542073077,109.303,2018-19
15,Paradip,239.0,45.7335,60.24,7.137591649694501,36030,102.028,88.959,76.397,239.0,143.44,126.94,42.6895,62.0183,60.1836,79.44,119.76,108.0,20.88,59.28,49.2,33440.0,30245.0,26965.0,89.128,12.816335708774224,0.0,-24.16918429003021,-65.81613194590756,7.745215311004783,112.689,2019-20
16,Paradip,249.0,45.2566,56.16,15.32312965722802,32001,109.303,102.028,88.959,239.0,239.0,143.44,45.7335,42.6895,62.0183,60.24,79.44,119.76,7.137591649694501,20.88,59.28,36030.0,33440.0,30245.0,100.09666666666668,10.30859448874264,4.184100418410042,-6.772908366533869,114.6820721788402,-11.182348043297251,114.549,2020-21
17,Paradip,259.0,44.2274,58.08,6.24,30224,112.689,109.303,102.028,249.0,239.0,239.0,45.2566,45.7335,42.6895,56.16,60.24,79.44,15.32312965722802,7.137591649694501,20.88,32001.0,36030.0,33440.0,108.00666666666666,5.447438878347834,4.016064257028118,3.418803418803429,-59.27724858050423,-5.552951470266554,116.133,2021-22
18,Paradip,289.75,40.0804,53.16,2.44344793223717,33635,114.549,112.689,109.303,259.0,249.0,239.0,44.2274,45.2566,45.7335,58.08,56.16,60.24,6.24,15.32312965722802,7.137591649694501,30224.0,32001.0,36030.0,112.18033333333334,2.659734071920695,11.872586872586876,-8.47107438016529,-60.84218057312227,11.285733192165171,135.361,2022-23
19,Paradip,289.75,46.7165,46.27,1.6795884082318353,38007,116.133,114.549,112.689,289.75,259.0,249.0,40.0804,44.2274,45.2566,53.16,58.08,56.16,2.44344793223717,6.24,15.32312965722802,33635.0,30224.0,32001.0,114.457,1.7238422201589778,0.0,-12.960872836719329,-31.2615429175919,12.998364798572926,145.37944,2023-24
20,Paradip,289.75,50.1741,41.24,1.2154686346863468,40075,135.361,116.133,114.549,289.75,289.75,259.0,46.7165,40.0804,44.2274,46.27,53.16,58.08,1.6795884082318353,2.44344793223717,6.24,38007.0,33635.0,30224.0,122.01433333333334,11.585654808138218,0.0,-10.870974713637349,-27.632946933355207,5.441102954718868,150.408,2024-25
3,V.O. Chidambaranar,20.55,87.5961,88.08,29.76,5051,17.14,15.81,13.68,20.55,15.8,15.8,83.4063,100.0633,86.5823,67.92,63.84,62.16,17.52,12.24,16.799999999999997,5392.0,5280.0,5040.0,15.543333333333337,1.745346192975288,0.0,29.681978798586563,69.86301369863016,-6.324183976261133,21.48,2007-08
4,V.O. Chidambaranar,20.75,103.5181,92.4,29.76,5474,18.001,17.14,15.81,20.55,20.55,15.8,87.5961,83.4063,100.0633,88.08,67.92,63.84,29.76,17.52,12.24,5051.0,5392.0,5280.0,16.983666666666668,1.1038343776732664,0.9732360097323588,4.904632152588562,0.0,8.374579291229466,22.011,2008-09
5,V.O. Chidambaranar,22.81,96.4972,87.36,26.16,5817,21.48,18.001,17.14,20.75,20.55,20.55,103.5181,87.5961,83.4063,92.4,88.08,67.92,29.76,29.76,17.52,5474.0,5051.0,5392.0,18.87366666666667,2.2978381869342583,9.927710843373491,-5.454545454545457,-12.096774193548388,6.265984654731449,23.79,2009-10
6,V.O. Chidambaranar,23.72,100.2951,93.6,32.64,6934,22.011,21.48,18.001,22.81,20.75,20.55,96.4972,103.5181,87.5961,87.36,92.4,88.08,26.16,29.76,29.76,5817.0,5474.0,5051.0,20.497333333333334,2.178130008363437,3.9894782989916777,7.14285714285714,24.770642201834868,19.20233797490116,25.73,2010-11
7,V.O. Chidambaranar,27.04,95.1553,96.0,30.96,7035,23.79,22.011,21.48,23.72,22.81,20.75,100.2951,96.4972,103.5181,93.6,87.36,92.4,32.64,26.16,29.76,6934.0,5817.0,5474.0,22.427,1.209883052199654,13.99662731871838,2.564102564102577,-5.147058823529416,1.4565907124314936,28.105,2011-12
8,V.O. Chidambaranar,33.34,84.2981,118.56,45.84,6733,25.73,23.79,22.011,27.04,23.72,22.81,95.1553,100.2951,96.4972,96.0,93.6,87.36,30.96,32.64,26.16,7035.0,6934.0,5817.0,23.843666666666667,1.860080733014906,23.298816568047357,23.50000000000001,48.06201550387597,-4.292821606254438,28.26,2012-13
9,V.O. Chidambaranar,33.34,84.763,103.44,31.44,7452,28.105,25.73,23.79,33.34,27.04,23.72,84.2981,95.1553,100.2951,118.56,96.0,93.6,45.84,30.96,32.64,6733.0,7035.0,6934.0,25.875,2.161151313536356,0.0,-12.753036437246967,-31.413612565445025,10.678746472597656,28.642,2013-14
10,V.O. Chidambaranar,42.06,68.098,94.08,28.56,9633,28.26,28.105,25.73,33.34,33.34,27.04,84.763,84.2981,95.1553,103.44,118.56,96.0,31.44,45.84,30.96,7452.0,6733.0,7035.0,27.365,1.4180708726999158,26.15476904619076,-9.048723897911836,-9.160305343511457,29.267310789049915,32.414,2014-15
11,V.O. Chidambaranar,44.55,72.7587,80.88,25.68,10468,28.642,28.26,28.105,42.06,33.34,33.34,68.098,84.763,84.2981,94.08,103.44,118.56,28.56,31.44,45.84,9633.0,7452.0,6733.0,28.33566666666667,0.2763807759834748,5.920114122681874,-14.030612244897966,-10.084033613445376,8.668120004152403,36.849,2015-16
12,V.O. Chidambaranar,59.26,62.1819,84.72,31.92,13619,32.414,28.642,28.26,44.55,42.06,33.34,72.7587,68.098,84.763,80.88,94.08,103.44,25.68,28.56,31.44,10468.0,9633.0,7452.0,29.772,2.295997386758072,33.019079685746355,4.747774480712175,24.29906542056075,30.10126098586168,38.463,2016-17
13,V.O. Chidambaranar,65.9,58.3657,96.0,43.2,13612,36.849,32.414,28.642,59.26,44.55,42.06,62.1819,72.7587,68.098,84.72,80.88,94.08,31.92,25.68,28.56,13619.0,10468.0,9633.0,32.635,4.107960929707082,11.204859939250778,13.31444759206799,35.33834586466165,-0.0513987811146199,36.583,2017-18
14,V.O. Chidambaranar,94.83,38.5775,57.6,27.12,15557,38.463,36.849,32.414,65.9,59.26,44.55,58.3657,62.1819,72.7587,96.0,84.72,80.88,43.2,31.92,25.68,13612.0,13619.0,10468.0,35.90866666666667,3.1322149245116053,43.8998482549317,-40.0,-37.22222222222222,14.28886276814576,34.342,2018-19
15,V.O. Chidambaranar,111.46,30.8111,42.24,16.264817518248172,19494,36.583,38.463,36.849,94.83,65.9,59.26,38.5775,58.3657,62.1819,57.6,96.0,84.72,27.12,43.2,31.92,15557.0,13612.0,13619.0,37.29833333333334,1.017361948046648,17.536644521775813,-26.66666666666666,-40.02648407725601,25.30693578453429,36.076,2019-20
16,V.O. Chidambaranar,111.46,32.3668,40.08,15.606302695231513,19334,34.342,36.583,38.463,111.46,94.83,65.9,30.8111,38.5775,58.3657,42.24,57.6,96.0,16.264817518248172,27.12,43.2,19494.0,15557.0,13612.0,36.46266666666667,2.06313361984464,0.0,-5.113636363636376,-4.048707108320427,-0.8207653637016477,31.79,2020-21
17,V.O. Chidambaranar,111.46,28.5214,40.8,12.0,19302,36.076,34.342,36.583,111.46,111.46,94.83,32.3668,30.8111,38.5775,40.08,42.24,57.6,15.606302695231513,16.264817518248172,27.12,19334.0,19494.0,15557.0,35.667,1.175151479597371,0.0,1.7964071856287456,-23.10798890459439,-0.1655115340850277,34.119,2021-22
18,V.O. Chidambaranar,111.46,30.611,48.54,11.63256,19994,31.79,36.076,34.342,111.46,111.46,111.46,28.5214,32.3668,30.8111,40.8,40.08,42.24,12.0,15.606302695231513,16.264817518248172,19302.0,19334.0,19494.0,34.06933333333333,2.155970624413321,0.0,18.97058823529412,-3.061999999999998,3.585120712879486,38.04149,2022-23
19,V.O. Chidambaranar,111.46,34.1302,46.89,30.52,18224,34.119,31.79,36.076,111.46,111.46,111.46,30.611,28.5214,32.3668,48.54,40.8,40.08,11.63256,12.0,15.606302695231513,19994.0,19302.0,19334.0,33.995000000000005,2.145688933652739,0.0,-3.399258343634115,162.36701121679147,-8.852655796739018,41.40207,2023-24
20,V.O. Chidambaranar,111.46,37.1452,51.46,41.65835068054444,17824,38.04149,34.119,31.79,111.46,111.46,111.46,34.1302,30.611,28.5214,46.89,48.54,40.8,30.52,11.63256,12.0,18224.0,19994.0,19302.0,34.65016333333334,3.159411760127699,0.0,9.746214544679033,36.49525124686905,-2.194907813871816,41.724,2024-25
3,Visakhapatnam,58.5,96.3846,87.6,22.32,10868,55.8,50.15,47.74,54.95,49.65,49.15,101.5469,101.007,97.1312,90.96,76.8,79.92,24.72,18.48,18.24,10558.0,12242.0,11701.0,51.23,4.137112519620416,6.460418562329395,-3.693931398416883,-9.708737864077666,2.936162151922717,64.597,2007-08
4,Visakhapatnam,61.15,105.637,93.84,26.4,10613,56.385,55.8,50.15,58.5,54.95,49.65,96.3846,101.5469,101.007,87.6,90.96,76.8,22.32,24.72,18.48,10868.0,10558.0,12242.0,54.11166666666666,3.443349870886395,4.529914529914536,7.123287671232892,18.279569892473106,-2.346337872653659,63.908,2008-09
5,Visakhapatnam,62.23,102.6964,94.32,30.72,11171,64.597,56.385,55.8,61.15,58.5,54.95,105.637,96.3846,101.5469,93.84,87.6,90.96,26.4,22.32,24.72,10613.0,10868.0,10558.0,58.92733333333333,4.918779963907038,1.7661488143908333,0.5115089514066362,16.36363636363636,5.257702817299537,65.5,2009-10
6,Visakhapatnam,62.27,105.1871,114.72,45.6,10484,63.908,64.597,56.385,62.23,61.15,58.5,102.6964,105.637,96.3846,94.32,93.84,87.6,30.72,26.4,22.32,11171.0,10613.0,10868.0,61.63,4.555348395018759,0.0642776795757749,21.62849872773538,48.4375,-6.149852296123893,68.04,2010-11
7,Visakhapatnam,64.93,104.7898,140.16,67.44,10334,65.5,63.908,64.597,62.27,62.23,61.15,105.1871,102.6964,105.637,114.72,94.32,93.84,45.6,30.72,26.4,10484.0,11171.0,10613.0,64.66833333333334,0.7983935954986766,4.271719929339968,22.17573221757323,47.89473684210526,-1.4307516215185,67.42,2011-12
8,Visakhapatnam,66.33,101.6433,136.32,68.16,10704,68.04,65.5,63.908,64.93,62.27,62.23,104.7898,105.1871,102.6964,140.16,114.72,94.32,67.44,45.6,30.72,10334.0,10484.0,11171.0,65.816,2.084046064750003,2.1561681811181237,-2.73972602739726,1.067615658362997,3.58041416682795,59.038,2012-13
9,Visakhapatnam,67.33,87.6845,129.36,60.0,10641,67.42,68.04,65.5,66.33,64.93,62.27,101.6433,104.7898,105.1871,136.32,140.16,114.72,68.16,67.44,45.6,10704.0,10334.0,10484.0,66.98666666666668,1.3242859711305908,1.5076134479119483,-5.1056338028168895,-11.971830985915489,-0.5885650224215278,58.504,2013-14
10,Visakhapatnam,88.92,65.794,113.52,44.16,10925,59.038,67.42,68.04,67.33,66.33,64.93,87.6845,101.6433,104.7898,129.36,136.32,140.16,60.0,68.16,67.44,10641.0,10704.0,10334.0,64.83266666666667,5.027894324002187,32.06594385860686,-12.244897959183689,-26.4,2.668922093788173,58.004,2014-15
11,Visakhapatnam,96.76,59.9463,136.08,62.16,10640,58.504,59.038,67.42,88.92,67.33,66.33,65.794,87.6845,101.6433,113.52,129.36,136.32,44.16,60.0,68.16,10925.0,10641.0,10704.0,61.654,5.000635559606417,8.81691408007197,19.87315010570827,40.76086956521738,-2.608695652173909,57.03,2015-16
12,Visakhapatnam,107.75,52.9281,92.16,35.28,17179,58.004,58.504,59.038,96.76,88.92,67.33,59.9463,65.794,87.6845,136.08,113.52,129.36,62.16,44.16,60.0,10640.0,10925.0,10641.0,58.51533333333333,0.5170931573068915,11.357999173212075,-32.27513227513228,-43.24324324324324,61.45676691729322,61.02,2016-17
13,Visakhapatnam,110.75,55.0971,90.0,29.28,16823,57.03,58.004,58.504,107.75,96.76,88.92,52.9281,59.9463,65.794,92.16,136.08,113.52,35.28,62.16,44.16,17179.0,10640.0,10925.0,57.846,0.7495945570775586,2.78422273781902,-2.34375,-17.006802721088434,-2.072297572617732,63.537,2017-18
14,Visakhapatnam,131.09,48.4682,61.92,56.88,17592,61.02,57.03,58.004,110.75,107.75,96.76,55.0971,52.9281,59.9463,90.0,92.16,136.08,29.28,35.28,62.16,16823.0,17179.0,10640.0,58.684666666666665,2.080265688159475,18.365688487584663,-31.2,94.26229508196722,4.57112286750283,65.301,2018-19
15,Visakhapatnam,131.09,49.8139,60.24,30.95427435387674,18281,63.537,61.02,57.03,131.09,110.75,107.75,48.4682,55.0971,52.9281,61.92,90.0,92.16,56.88,29.28,35.28,17592.0,16823.0,17179.0,60.529,3.281169456154346,0.0,-2.713178294573648,-45.57968643833203,3.916552978626653,72.722,2019-20
16,Visakhapatnam,134.18,54.1973,58.32,1.2181991424487852,20032,65.301,63.537,61.02,131.09,131.09,110.75,49.8139,48.4682,55.0971,60.24,61.92,90.0,30.95427435387674,56.88,29.28,18281.0,17592.0,16823.0,63.286,2.151509005326293,2.3571592036005784,-3.1872509960159445,-96.06452043255145,9.578250642743823,69.843,2020-21
17,Visakhapatnam,134.18,52.0517,66.0,1.2000000000000002,17238,72.722,65.301,63.537,134.18,131.09,131.09,54.1973,49.8139,48.4682,58.32,60.24,61.92,1.2181991424487852,30.95427435387674,56.88,20032.0,18281.0,17592.0,67.18666666666667,4.874203558873324,0.0,13.1687242798354,-1.4939382088384745,-13.94768370607029,69.03,2021-22
18,Visakhapatnam,134.18,51.4458,73.83,0.9035585353274884,16069,69.843,72.722,65.301,134.18,134.18,131.09,52.0517,54.1973,49.8139,66.0,58.32,60.24,1.2000000000000002,1.2181991424487852,30.95427435387674,17238.0,20032.0,18281.0,69.28866666666667,3.741426777759171,0.0,11.863636363636363,-24.70345538937597,-6.781529179719225,73.75,2022-23
19,Visakhapatnam,143.68,51.3293,73.19,1.78070611636002,16646,69.03,69.843,72.722,134.18,134.18,134.18,51.4458,52.0517,54.1973,73.83,66.0,58.32,0.9035585353274884,1.2000000000000002,1.2181991424487852,16069.0,17238.0,20032.0,70.53166666666667,1.9399516316994527,7.080041734982867,-0.8668562914804334,97.0770068277442,3.5907648266849224,81.09,2023-24
20,Visakhapatnam,148.18,54.724,65.86,0.6269662921348315,17795,73.75,69.03,69.843,143.68,134.18,134.18,51.3293,51.4458,52.0517,73.19,73.83,66.0,1.78070611636002,0.9035585353274884,1.2000000000000002,16646.0,16069.0,17238.0,70.87433333333333,2.523358146069123,3.131959910913129,-10.01502937559776,-64.79114176254828,6.902559173374989,82.623,2024-25
