rank,feature,coefficient,abs_coefficient,direction
1,cargo_lag_1,13.66155558350434,13.66155558350434,Positive
2,capacity_utilization_pct,9.948146516239232,9.948146516239232,Positive
3,utilization_lag_1,-6.227672608287014,6.227672608287014,Negative
4,port_Deendayal,5.082915832757347,5.082915832757347,Positive
5,capacity_growth_pct,4.30088747320599,4.30088747320599,Positive
6,port_Paradip,4.119187181177527,4.119187181177527,Positive
7,avg_output_per_berth_day_tonnes,4.057360533388584,4.057360533388584,Positive
8,capacity_mt,3.00958268779206,3.00958268779206,Positive
9,output_lag_2,-2.807639919259241,2.807639919259241,Negative
10,output_lag_1,-2.665320352608296,2.665320352608296,Negative
11,port_Visakhapatnam,1.9204153716465795,1.9204153716465795,Positive
12,output_change_pct,-1.8237116533869355,1.8237116533869355,Negative
13,port_JNPA,1.8043927772036972,1.8043927772036972,Positive
14,capacity_lag_3,1.5643474817593948,1.5643474817593948,Positive
15,pre_berthing_detention_hr,-1.3820989993273785,1.3820989993273785,Negative
16,output_lag_3,1.212110133137962,1.212110133137962,Positive
17,port_Mumbai,1.1003819810165267,1.1003819810165267,Positive
18,trt_lag_1,-1.0883156560407903,1.0883156560407903,Negative
19,trt_lag_3,0.9056380438487422,0.9056380438487422,Positive
20,capacity_lag_2,0.7632283805805463,0.7632283805805463,Positive
21,trt_change_pct,0.7479313585075962,0.7479313585075962,Positive
22,utilization_lag_3,0.5339720240217898,0.5339720240217898,Positive
23,capacity_lag_1,0.39563501215794117,0.39563501215794117,Positive
24,pbdt_change_pct,-0.3616109025981384,0.3616109025981384,Negative
25,port_Cochin,-0.2890813876080183,0.2890813876080183,Negative
26,cargo_rolling_std_3,0.26885128072507003,0.26885128072507003,Positive
27,trt_lag_2,-0.16438446756871278,0.16438446756871278,Negative
28,port_Mormugao,-0.16383635373184427,0.16383635373184427,Negative
29,port_V.O. Chidambaranar,-0.1504445156543655,0.1504445156543655,Negative
30,pbdt_lag_3,-0.14909306278795526,0.14909306278795526,Negative
31,port_Kamarajar,-0.10239780780992336,0.10239780780992336,Negative
32,utilization_lag_2,0.00891909517812629,0.00891909517812629,Positive
33,turnaround_time_hr,-0.0,0.0,Zero
34,cargo_lag_2,-0.0,0.0,Zero
35,cargo_lag_3,-0.0,0.0,Zero
36,pbdt_lag_1,0.0,0.0,Zero
37,pbdt_lag_2,0.0,0.0,Zero
38,cargo_rolling_mean_3,-0.0,0.0,Zero
39,port_New Mangalore,0.0,0.0,Zero
