loss,val_loss,epoch
3193.726318359375,4980.10107421875,1
3186.2587890625,4972.07275390625,2
3179.87646484375,4963.19873046875,3
3171.93798828125,4954.2939453125,4
3162.845703125,4945.1533203125,5
3154.161376953125,4935.296875,6
3147.8583984375,4924.70947265625,7
3131.681884765625,4912.20849609375,8
3123.623291015625,4898.400390625,9
3112.818115234375,4883.54833984375,10
3095.78125,4867.0869140625,11
3078.524169921875,4848.85400390625,12
3062.812255859375,4828.58154296875,13
3047.312744140625,4805.83984375,14
3017.915771484375,4780.08203125,15
2999.78125,4751.6083984375,16
2968.95947265625,4719.60107421875,17
2933.977294921875,4683.23291015625,18
2902.31201171875,4641.10498046875,19
2870.59033203125,4593.0439453125,20
2829.218017578125,4540.365234375,21
2800.31201171875,4484.255859375,22
2731.475830078125,4425.97998046875,23
2714.819580078125,4365.7568359375,24
2649.105712890625,4300.1220703125,25
2582.85595703125,4229.37451171875,26
2531.27978515625,4154.6123046875,27
2471.25830078125,4076.728271484375,28
2395.837646484375,3995.458740234375,29
2304.57177734375,3910.413330078125,30
2274.23974609375,3821.1748046875,31
2189.39208984375,3725.459228515625,32
2116.1904296875,3625.6181640625,33
2039.94775390625,3522.222412109375,34
1971.56884765625,3411.142333984375,35
1858.655517578125,3291.989501953125,36
1761.32763671875,3158.35888671875,37
1676.36572265625,3008.1318359375,38
1609.20263671875,2850.3466796875,39
1461.3865966796875,2693.993896484375,40
1331.900146484375,2541.868408203125,41
1242.627197265625,2392.195556640625,42
1170.7454833984375,2251.8779296875,43
1081.5908203125,2122.86474609375,44
1029.3365478515625,2003.1151123046875,45
888.0352172851562,1892.3223876953125,46
845.4105834960938,1790.1776123046875,47
745.1460571289062,1694.6820068359375,48
656.6328735351562,1605.363525390625,49
631.2212524414062,1523.1124267578125,50
597.571044921875,1446.05029296875,51
542.1585083007812,1374.248779296875,52
509.81005859375,1305.9697265625,53
463.54742431640625,1241.3702392578125,54
460.37615966796875,1182.6148681640625,55
380.79302978515625,1127.508056640625,56
384.8287353515625,1077.880126953125,57
354.4804992675781,1033.2979736328125,58
330.7958068847656,993.8135375976562,59
337.7195129394531,958.484130859375,60
304.5433044433594,925.5647583007812,61
281.72686767578125,895.2523803710938,62
315.3648376464844,868.8245849609375,63
250.4104766845703,846.7125244140625,64
212.27069091796875,827.2202758789062,65
248.7737274169922,809.164794921875,66
224.02520751953125,792.9453125,67
262.00787353515625,779.6788330078125,68
248.58778381347656,768.195068359375,69
259.94488525390625,758.3728637695312,70
251.4943389892578,749.6809692382812,71
210.7244873046875,741.0264892578125,72
251.42031860351562,731.1802978515625,73
239.9971923828125,722.59619140625,74
212.77076721191406,714.0716552734375,75
232.02456665039062,703.9597778320312,76
247.95957946777344,692.8782958984375,77
248.86114501953125,681.4330444335938,78
215.19830322265625,670.3401489257812,79
218.14125061035156,661.995361328125,80
199.19866943359375,656.2561645507812,81
220.1620330810547,650.7604370117188,82
212.9257354736328,646.4469604492188,83
176.2939910888672,641.2239379882812,84
230.2340850830078,634.5589599609375,85
180.1667022705078,629.1810913085938,86
186.52511596679688,624.5509033203125,87
188.11671447753906,619.875,88
201.8870086669922,614.0216064453125,89
192.52561950683594,611.2990112304688,90
182.96060180664062,608.3616333007812,91
189.26705932617188,604.575927734375,92
177.72227478027344,600.3862915039062,93
192.13082885742188,596.0813598632812,94
159.3889923095703,590.86328125,95
160.20034790039062,586.2538452148438,96
175.71295166015625,580.8215942382812,97
164.99884033203125,574.6011962890625,98
157.0904541015625,567.0352783203125,99
174.7164306640625,558.0725708007812,100
170.78245544433594,548.7326049804688,101
169.87696838378906,544.2589111328125,102
161.39207458496094,540.5390014648438,103
166.07347106933594,537.5012817382812,104
168.1497039794922,536.3067016601562,105
178.90158081054688,533.6553344726562,106
160.98934936523438,533.1044311523438,107
180.91542053222656,532.40869140625,108
131.59033203125,528.5428466796875,109
139.93455505371094,522.9010620117188,110
169.00628662109375,518.7286376953125,111
161.8586883544922,516.571533203125,112
161.94384765625,510.3459167480469,113
155.29379272460938,504.60186767578125,114
148.36366271972656,496.4463195800781,115
158.05519104003906,489.6997375488281,116
167.1395263671875,486.6378479003906,117
142.9056396484375,485.4399108886719,118
94.47850036621094,483.70513916015625,119
137.26565551757812,478.0081787109375,120
171.05992126464844,471.86260986328125,121
155.1651153564453,463.62103271484375,122
150.53407287597656,452.7440185546875,123
145.89146423339844,442.4757995605469,124
130.5759735107422,431.7861022949219,125
137.7316436767578,422.9501037597656,126
124.98328399658203,413.6377868652344,127
142.19940185546875,405.1440734863281,128
117.27596282958984,398.2508850097656,129
158.25611877441406,393.6396179199219,130
118.15914916992188,388.3072814941406,131
93.11993408203125,382.89398193359375,132
88.97113037109375,377.5494079589844,133
124.57257080078125,372.0929260253906,134
113.19466400146484,366.3915100097656,135
99.25598907470703,361.59393310546875,136
113.60179901123047,359.6958923339844,137
91.34031677246094,357.70703125,138
95.81941223144531,354.5260925292969,139
90.5341796875,351.8877868652344,140
92.12555694580078,349.45855712890625,141
135.02940368652344,341.3976745605469,142
120.78451538085938,336.8462219238281,143
99.25237274169922,332.6839599609375,144
144.70767211914062,326.3905029296875,145
122.71395111083984,324.7193298339844,146
102.32907104492188,325.25,147
117.46138763427734,323.2074890136719,148
118.0705795288086,324.5041809082031,149
100.87942504882812,323.4118957519531,150
87.39639282226562,315.958740234375,151
65.95103454589844,307.1393737792969,152
103.17233276367188,305.6575012207031,153
93.205810546875,303.6394348144531,154
115.9692153930664,304.0083923339844,155
79.61602020263672,310.42926025390625,156
96.91717529296875,307.6333312988281,157
80.4952621459961,296.62054443359375,158
99.73787689208984,287.6940002441406,159
119.78675079345703,281.9827880859375,160
104.7862777709961,277.93389892578125,161
98.7040786743164,277.0039367675781,162
92.17699432373047,274.8695983886719,163
86.87899017333984,269.86322021484375,164
82.48219299316406,267.9331970214844,165
73.80859375,271.6806640625,166
83.50323486328125,272.2059020996094,167
83.14896392822266,269.4891357421875,168
113.19345092773438,266.9439697265625,169
101.11924743652344,269.0962829589844,170
78.84198760986328,268.7142639160156,171
98.2952880859375,269.1349182128906,172
92.21664428710938,264.52850341796875,173
112.64966583251953,262.49822998046875,174
90.12510681152344,259.1214599609375,175
62.68606185913086,256.3337707519531,176
63.96432876586914,250.96897888183594,177
95.31328582763672,247.59075927734375,178
95.45231628417969,246.73277282714844,179
110.49201202392578,247.2080841064453,180
74.17237854003906,247.9833221435547,181
86.79705047607422,245.21578979492188,182
110.8917236328125,243.24266052246094,183
99.77960968017578,242.88284301757812,184
64.50159454345703,249.45791625976562,185
123.59811401367188,252.33119201660156,186
75.50251770019531,250.68548583984375,187
92.49191284179688,252.79583740234375,188
63.3599739074707,258.48223876953125,189
64.71827697753906,259.7054443359375,190
93.1213607788086,258.9772644042969,191
75.04045104980469,260.6844482421875,192
89.18549346923828,263.1497497558594,193
59.26389694213867,253.8929901123047,194
84.41609954833984,241.6174774169922,195
85.09859466552734,234.94613647460938,196
104.64859771728516,231.32611083984375,197
81.71220397949219,229.7751007080078,198
70.7426986694336,229.32154846191406,199
75.56163024902344,231.46498107910156,200
84.89356231689453,229.17332458496094,201
81.85865020751953,224.18309020996094,202
99.39262390136719,223.81533813476562,203
81.1900863647461,224.9098358154297,204
70.6312026977539,223.3358154296875,205
83.93681335449219,221.07460021972656,206
75.0587387084961,217.8657989501953,207
96.4303207397461,217.9038848876953,208
81.27962493896484,218.70606994628906,209
120.32809448242188,217.4616241455078,210
93.34461212158203,212.81869506835938,211
84.02864837646484,208.49366760253906,212
75.94544982910156,212.2524871826172,213
71.13168334960938,209.11976623535156,214
97.61689758300781,202.3944854736328,215
79.58609771728516,201.8600311279297,216
81.50614929199219,196.93272399902344,217
57.53828430175781,195.45623779296875,218
81.2566909790039,197.5722198486328,219
69.57716369628906,201.83644104003906,220
81.27668762207031,205.23916625976562,221
75.41056060791016,200.82315063476562,222
71.6550521850586,192.27947998046875,223
83.06244659423828,184.49989318847656,224
88.49422454833984,181.64222717285156,225
57.91484832763672,183.0433807373047,226
77.91559600830078,188.72720336914062,227
72.12708282470703,189.18116760253906,228
67.67024993896484,183.33770751953125,229
74.64242553710938,180.85984802246094,230
61.09275436401367,183.11305236816406,231
72.2034912109375,185.08009338378906,232
83.99514770507812,190.70526123046875,233
62.750911712646484,186.88082885742188,234
66.18850708007812,181.1839599609375,235
82.97252655029297,180.3641357421875,236
73.14387512207031,183.21148681640625,237
55.37557601928711,179.00299072265625,238
53.426448822021484,179.31224060058594,239
61.615901947021484,180.0635986328125,240
62.05368423461914,183.37428283691406,241
55.74998092651367,185.8352813720703,242
56.40864181518555,186.5413818359375,243
70.78709411621094,174.97872924804688,244
58.059505462646484,171.37484741210938,245
58.15106201171875,167.44749450683594,246
84.95504760742188,160.8148956298828,247
69.42288970947266,162.50807189941406,248
71.05965423583984,170.24244689941406,249
67.2024154663086,174.20361328125,250
69.75812530517578,172.7301788330078,251
63.383209228515625,163.0784149169922,252
63.00703811645508,158.12802124023438,253
51.29913330078125,157.6105194091797,254
58.08665084838867,156.4341583251953,255
79.732421875,155.50399780273438,256
57.08823776245117,158.00314331054688,257
77.01383209228516,159.0930938720703,258
51.867164611816406,163.8447723388672,259
71.49146270751953,164.02053833007812,260
85.4457778930664,160.7192840576172,261
73.08451843261719,155.60635375976562,262
49.666015625,157.23406982421875,263
46.74700164794922,154.96717834472656,264
79.4706039428711,151.91253662109375,265
68.5451431274414,159.45846557617188,266
49.854278564453125,159.8656463623047,267
48.38169479370117,159.8695068359375,268
70.45865631103516,154.5449981689453,269
61.801570892333984,153.15675354003906,270
66.9943618774414,144.4427947998047,271
70.83980560302734,138.93707275390625,272
65.86518859863281,143.05686950683594,273
58.17664337158203,149.17129516601562,274
52.70920944213867,152.03912353515625,275
64.13194274902344,153.4312286376953,276
80.37549591064453,141.37454223632812,277
57.8629035949707,143.9106903076172,278
61.54161071777344,146.98524475097656,279
67.0613021850586,149.32057189941406,280
48.378082275390625,152.58978271484375,281
73.44428253173828,155.4722137451172,282
69.88868713378906,158.84678649902344,283
77.1741714477539,160.02835083007812,284
66.22064971923828,156.47035217285156,285
64.52873992919922,143.04576110839844,286
53.62916564941406,134.6343231201172,287
56.15495300292969,132.9718017578125,288
69.07413482666016,135.0832977294922,289
74.690673828125,135.2763671875,290
72.9002456665039,133.69412231445312,291
52.812076568603516,136.00889587402344,292
72.57931518554688,139.2389678955078,293
67.84281158447266,134.22073364257812,294
66.10918426513672,131.18838500976562,295
58.730384826660156,131.72080993652344,296
56.87254333496094,130.45169067382812,297
51.31940841674805,129.43460083007812,298
51.339256286621094,129.13272094726562,299
57.59953308105469,134.81759643554688,300
