Model,Val_MAE (MT),Val_RMSE (MT),Val_MAPE (%),Val_R2,Test_MAE (MT),Test_RMSE (MT),Test_MAPE (%),Test_R2
Tuned Lasso (alpha=0.0241),5.008444868624246,5.95543705026366,10.850928686301858,0.9720718550565302,3.1462989597206827,4.701318828615167,5.25418078967323,0.986730864625605
"Tuned ElasticNet (alpha=0.0241, l1=0.99)",5.022788268655787,5.979044729997704,10.880684770763,0.9718499987985939,3.138443706453161,4.708584210184307,5.235050490784484,0.9866898208984597
Lasso Regression (alpha=0.05),5.120650788949785,6.0757560428269475,11.012428825613306,0.9709319788281524,3.246034417360044,4.733245535407334,5.436870964720368,0.9865500309994745
Tuned Ridge (alpha=1.6638),5.33946560925853,6.424160283388363,11.780749307567273,0.9675026798422858,3.5383192990174512,5.056760459617721,5.713991862061145,0.984648600335615
Ridge Regression (alpha=1.0),5.38358900728835,6.467524058589978,11.820004205157861,0.9670624782995065,3.3930942090147367,5.121077796745441,5.563564291870347,0.9842556055248529
Linear Regression,6.364561468782774,7.733326891925244,13.247571995723789,0.9529079550711215,3.9839327841490655,6.94589870649894,6.026832616909334,0.9710358954298651
Naive Persistence (Baseline),6.4482561290322575,8.528450276236896,12.219820379180668,0.9427263242761776,7.486625238095236,9.650835529828738,10.190550710254575,0.9440843929296809
Extra Trees,6.654745664546586,8.32265229261005,13.954195037693182,0.9454570887875928,8.975456322636846,12.664192950062821,12.859569261189987,0.903715084620936
XGBoost Regressor,8.634585819288686,11.56112099391836,17.040113462464564,0.8947517931013077,11.694384532819475,17.33145544385002,15.419109055700227,0.8196677981129057
Random Forest,8.78343311402091,12.035496202567712,17.64100948000026,0.8859375191546754,10.601822433004688,15.303534587856948,13.07834050457372,0.8593995487970444
Gradient Boosting,9.348511258878059,13.3806780470209,17.62652819875704,0.8590156016427359,11.355017155658578,16.117239860430228,14.679301167208928,0.8440502962834407
Decision Tree,10.356340156931124,15.641021298376566,20.282350192592894,0.8073606395982845,11.909040952380952,15.079836979839904,17.301267201391017,0.863479927954831
