port,test_observations,mae_mt,rmse_mt,mape_pct,r2_score,mean_actual_mt,mean_pred_mt,mean_signed_error_mt
Cochin,2,0.9076266859968847,1.1657184280808517,2.4138107624462757,-1.6599838261747082,37.030249999999995,36.122623314003114,-0.9076266859968847
Kamarajar,2,0.9100957139081238,0.9109590070270329,1.9422453107715354,0.66118004165249,46.842,45.93190428609188,-0.9100957139081238
New Mangalore,2,1.2065891074571233,1.521221881788225,2.6377666184509603,-97.50141698587151,45.860725,44.93430245094524,-0.9264225490547666
V.O. Chidambaranar,2,2.0809969898996776,2.5193969127225118,5.020153634080231,-243.97980116873762,41.563035,39.482038010100325,-2.0809969898996776
Visakhapatnam,2,2.303377809057622,2.872754038175554,2.8338086619204153,-13.04664378898661,81.85650000000001,79.55312219094239,-2.303377809057622
Mumbai,2,2.667052678322662,3.3018984929349138,3.9545844633783314,-22.44005825897134,67.943,65.27594732167734,-2.667052678322662
Chennai,1,3.2223877680423456,3.2223877680423456,6.245179596190445,,51.598,54.820387768042345,3.2223877680423456
Mormugao,2,3.4356632592708998,3.547327383694553,18.100282610255903,-7.040590112791785,19.377000000000002,20.260034277933364,0.8830342779333655
Paradip,2,3.9068974874700046,5.1597969542942534,2.6812108588892136,-3.2115110268222375,147.89371999999997,144.5233110289781,-3.370408971021888
JNPA,2,5.257415668262048,5.257430286581497,5.917351147539994,-1.7879556208055223,88.966305,83.70888933173795,-5.257415668262048
Deendayal,2,8.74919624576087,11.403097521056162,6.545259664121186,-0.6445488142246989,141.265,148.5781524069912,7.313152406991193
